model,feature_set,accuracy,macro_f1
RandomForest,early50_only,0.9881723458180794,0.8828188167731611
XGBoost,early50_only,0.9856378484933821,0.856341491989439
MLP,early50_only,0.9868581620200882,0.8683128294742456
