model,feature_set,accuracy,macro_f1
RandomForest,early10_only,0.9848868863231015,0.8645350831513153
XGBoost,early10_only,0.9826339998122594,0.8489856109195285
MLP,early10_only,0.9848868863231015,0.8682891989985247
