model,feature_set,accuracy,macro_f1
RandomForest,no_early,0.9995306486435745,0.9928729344281905
XGBoost,no_early,0.9994367783722895,0.9907041015011621
MLP,no_early,0.9978409837604431,0.9655199892722545
