model,feature_set,accuracy,macro_f1
RandomForest,full,0.9984042053881536,0.9804638969059289
XGBoost,full,0.9994367783722895,0.9907041015011621
MLP,full,0.9978409837604431,0.9757829572555689
