model,feature_set,accuracy,macro_f1
RandomForest,early5_only,0.9872336431052285,0.8742860375383503
XGBoost,early5_only,0.9803811133014174,0.8281588488075385
MLP,early5_only,0.9856378484933821,0.8730651254401026
