model,feature_set,accuracy,macro_f1
RandomForest,early20_only,0.9891110485309302,0.8927296279512672
XGBoost,early20_only,0.9831033511686849,0.8316406211143054
MLP,early20_only,0.9833849619825401,0.8566984186558132
