model,feature_set,accuracy,macro_f1
RandomForest,early60_only,0.9887355674457899,0.8904787306817789
XGBoost,early60_only,0.9862010701210927,0.8606842181201085
MLP,early60_only,0.9862949403923778,0.8604648187190347
