model,feature_set,accuracy,macro_f1
RandomForest,early30_only,0.9885478269032197,0.8851392861403166
XGBoost,early30_only,0.9842297944241059,0.8355242173624479
MLP,early30_only,0.985543978222097,0.8634743355933794
