{
  "BAD": {
    "precision": 0.8037914691943128,
    "recall": 0.925764192139738,
    "f1-score": 0.8604769152714358,
    "support": 916
  },
  "GOOD_drone": {
    "precision": 0.9251282051282051,
    "recall": 0.780952380952381,
    "f1-score": 0.8469483568075117,
    "support": 1155
  },
  "GOOD_not_drone": {
    "precision": 0.25952380952380955,
    "recall": 0.287598944591029,
    "f1-score": 0.2728410513141427,
    "support": 379
  },
  "accuracy": 0.7587755102040816,
  "macro avg": {
    "precision": 0.6628144946154425,
    "recall": 0.664771839227716,
    "f1-score": 0.6600887744643634,
    "support": 2450
  },
  "weighted avg": {
    "precision": 0.7767981985773842,
    "recall": 0.7587755102040816,
    "f1-score": 0.7631954958977025,
    "support": 2450
  }
}