{
  "BAD": {
    "precision": 0.8067915690866511,
    "recall": 0.9367777022433719,
    "f1-score": 0.8669392890846179,
    "support": 1471
  },
  "GOOD_drone": {
    "precision": 0.9266789895255699,
    "recall": 0.7845592070944184,
    "f1-score": 0.8497175141242937,
    "support": 1917
  },
  "GOOD_not_drone": {
    "precision": 0.2677514792899408,
    "recall": 0.2924071082390953,
    "f1-score": 0.2795366795366795,
    "support": 619
  },
  "accuracy": 0.764412278512603,
  "macro avg": {
    "precision": 0.6670740126340539,
    "recall": 0.6712480058589619,
    "f1-score": 0.6653978275818638,
    "support": 4007
  },
  "weighted avg": {
    "precision": 0.7808765127844907,
    "recall": 0.764412278512603,
    "f1-score": 0.7679584161350009,
    "support": 4007
  }
}