{
  "BAD": {
    "precision": 0.8072289156626506,
    "recall": 0.925414364640884,
    "f1-score": 0.8622908622908624,
    "support": 362
  },
  "GOOD_drone": {
    "precision": 0.9297752808988764,
    "recall": 0.8337531486146096,
    "f1-score": 0.8791500664010624,
    "support": 397
  },
  "GOOD_not_drone": {
    "precision": 0.2734375,
    "recall": 0.25,
    "f1-score": 0.26119402985074625,
    "support": 140
  },
  "accuracy": 0.7797552836484983,
  "macro avg": {
    "precision": 0.6701472321871756,
    "recall": 0.6697225044184979,
    "f1-score": 0.6675449861808903,
    "support": 899
  },
  "weighted avg": {
    "precision": 0.7782190255692252,
    "recall": 0.7797552836484983,
    "f1-score": 0.7761279562732128,
    "support": 899
  }
}