{
  "BAD": {
    "precision": 0.7824074074074074,
    "recall": 0.9337016574585635,
    "f1-score": 0.8513853904282116,
    "support": 362
  },
  "GOOD_drone": {
    "precision": 0.9318801089918256,
    "recall": 0.7862068965517242,
    "f1-score": 0.8528678304239401,
    "support": 435
  },
  "GOOD_not_drone": {
    "precision": 0.2536231884057971,
    "recall": 0.25,
    "f1-score": 0.2517985611510791,
    "support": 140
  },
  "accuracy": 0.7630736392742796,
  "macro avg": {
    "precision": 0.65597023493501,
    "recall": 0.6566361846700959,
    "f1-score": 0.6520172606677436,
    "support": 937
  },
  "weighted avg": {
    "precision": 0.7727925029559628,
    "recall": 0.7630736392742796,
    "f1-score": 0.7624875305555792,
    "support": 937
  }
}