{
  "BAD": {
    "precision": 0.8095238095238095,
    "recall": 0.9392265193370166,
    "f1-score": 0.8695652173913043,
    "support": 362
  },
  "GOOD_drone": {
    "precision": 0.9297752808988764,
    "recall": 0.8337531486146096,
    "f1-score": 0.8791500664010624,
    "support": 397
  },
  "GOOD_not_drone": {
    "precision": 0.2845528455284553,
    "recall": 0.25,
    "f1-score": 0.2661596958174905,
    "support": 140
  },
  "accuracy": 0.7853170189098999,
  "macro avg": {
    "precision": 0.6746173119837137,
    "recall": 0.6743265559838755,
    "f1-score": 0.6716249932032857,
    "support": 899
  },
  "weighted avg": {
    "precision": 0.7808740866946127,
    "recall": 0.7853170189098999,
    "f1-score": 0.7798304143173779,
    "support": 899
  }
}