{
  "BAD": {
    "precision": 0.7874617737003058,
    "recall": 0.9432234432234432,
    "f1-score": 0.8583333333333334,
    "support": 546
  },
  "GOOD_drone": {
    "precision": 0.9226519337016574,
    "recall": 0.7743431221020093,
    "f1-score": 0.842016806722689,
    "support": 647
  },
  "GOOD_not_drone": {
    "precision": 0.26046511627906976,
    "recall": 0.2557077625570776,
    "f1-score": 0.25806451612903225,
    "support": 219
  },
  "accuracy": 0.7592067988668555,
  "macro avg": {
    "precision": 0.6568596078936776,
    "recall": 0.6577581092941767,
    "f1-score": 0.6528048853950182,
    "support": 1412
  },
  "weighted avg": {
    "precision": 0.7676712393841754,
    "recall": 0.7592067988668555,
    "f1-score": 0.7577556678341627,
    "support": 1412
  }
}