{
  "BAD": {
    "precision": 0.7971864009378663,
    "recall": 0.9302325581395349,
    "f1-score": 0.8585858585858586,
    "support": 731
  },
  "GOOD_drone": {
    "precision": 0.9289473684210526,
    "recall": 0.7835738068812431,
    "f1-score": 0.8500903070439494,
    "support": 901
  },
  "GOOD_not_drone": {
    "precision": 0.25471698113207547,
    "recall": 0.2709030100334448,
    "f1-score": 0.2625607779578606,
    "support": 299
  },
  "accuracy": 0.759709994821336,
  "macro avg": {
    "precision": 0.6602835834969981,
    "recall": 0.661569791684741,
    "f1-score": 0.6570789811958896,
    "support": 1931
  },
  "weighted avg": {
    "precision": 0.7746686770540857,
    "recall": 0.759709994821336,
    "f1-score": 0.7623321086909691,
    "support": 1931
  }
}