{
  "BAD": {
    "precision": 0.8070175438596491,
    "recall": 0.9300155520995335,
    "f1-score": 0.8641618497109826,
    "support": 1286
  },
  "GOOD_drone": {
    "precision": 0.9258202567760342,
    "recall": 0.7805171377029465,
    "f1-score": 0.8469820554649267,
    "support": 1663
  },
  "GOOD_not_drone": {
    "precision": 0.26490066225165565,
    "recall": 0.29684601113172543,
    "f1-score": 0.27996500437445315,
    "support": 539
  },
  "accuracy": 0.760894495412844,
  "macro avg": {
    "precision": 0.6659128209624463,
    "recall": 0.6691262336447351,
    "f1-score": 0.6637029698501208,
    "support": 3488
  },
  "weighted avg": {
    "precision": 0.7798867847980779,
    "recall": 0.760894495412844,
    "f1-score": 0.7656950786480293,
    "support": 3488
  }
}